Object Begin Date,Link Resource,Image File Name
1480,http://www.metmuseum.org/art/collection/search/397055,DP816732.jpg
1485,http://www.metmuseum.org/art/collection/search/335327,DP802953.jpg
1485,http://www.metmuseum.org/art/collection/search/357117,DP820400.jpg
1485,http://www.metmuseum.org/art/collection/search/359854,DP815781.jpg
1485,http://www.metmuseum.org/art/collection/search/361941,DP820400.jpg
1485,http://www.metmuseum.org/art/collection/search/361975,DP820401.jpg
1485,http://www.metmuseum.org/art/collection/search/361985,DP820402.jpg
1485,http://www.metmuseum.org/art/collection/search/361988,DP820403.jpg
1485,http://www.metmuseum.org/art/collection/search/361990,DP820404.jpg
1485,http://www.metmuseum.org/art/collection/search/361992,DP820405.jpg
1485,http://www.metmuseum.org/art/collection/search/367490,DP816950.jpg
1485,http://www.metmuseum.org/art/collection/search/368340,DP816924.jpg
1485,http://www.metmuseum.org/art/collection/search/372969,DP816738.jpg
1485,http://www.metmuseum.org/art/collection/search/383745,DP820819.jpg
1485,http://www.metmuseum.org/art/collection/search/383749,DP816941.jpg
1485,http://www.metmuseum.org/art/collection/search/387377,DP816592.jpg
1485,http://www.metmuseum.org/art/collection/search/387378,DP268756.jpg
1485,http://www.metmuseum.org/art/collection/search/387379,DP816608.jpg
1485,http://www.metmuseum.org/art/collection/search/387381,DP816613.jpg
1485,http://www.metmuseum.org/art/collection/search/387383,DP816616.jpg
1485,http://www.metmuseum.org/art/collection/search/387391,DP816617.jpg
1485,http://www.metmuseum.org/art/collection/search/387407,DP820426.jpg
1485,http://www.metmuseum.org/art/collection/search/387448,DP816929.jpg
1485,http://www.metmuseum.org/art/collection/search/387449,DP816936.jpg
1485,http://www.metmuseum.org/art/collection/search/387458,DP816921.jpg
1485,http://www.metmuseum.org/art/collection/search/387461,DP816727.jpg
1485,http://www.metmuseum.org/art/collection/search/387557,DP816494.jpg
1485,http://www.metmuseum.org/art/collection/search/387558,DP816493.jpg
1485,http://www.metmuseum.org/art/collection/search/387563,DP816942.jpg
1485,http://www.metmuseum.org/art/collection/search/387567,DP816946.jpg
1485,http://www.metmuseum.org/art/collection/search/387571,DP816441.jpg
1485,http://www.metmuseum.org/art/collection/search/387572,DP816448.jpg
1485,http://www.metmuseum.org/art/collection/search/387577,DP820483.jpg
1485,http://www.metmuseum.org/art/collection/search/387584,DP816948.jpg
1485,http://www.metmuseum.org/art/collection/search/387585,DP816450.jpg
1485,http://www.metmuseum.org/art/collection/search/387590,DP816480.jpg
1485,http://www.metmuseum.org/art/collection/search/387591,DP816479.jpg
1485,http://www.metmuseum.org/art/collection/search/387606,DP816438.jpg
1485,http://www.metmuseum.org/art/collection/search/387607,DP816492.jpg
1485,http://www.metmuseum.org/art/collection/search/387608,DP816445.jpg
1485,http://www.metmuseum.org/art/collection/search/387723,DP816596.jpg
1485,http://www.metmuseum.org/art/collection/search/387724,DP816590.jpg
1485,http://www.metmuseum.org/art/collection/search/387725,DP816587.jpg
1485,http://www.metmuseum.org/art/collection/search/387726,DP816603.jpg
1485,http://www.metmuseum.org/art/collection/search/387728,DP816609.jpg
1485,http://www.metmuseum.org/art/collection/search/387729,DP816611.jpg
1485,http://www.metmuseum.org/art/collection/search/387730,DP816612.jpg
1485,http://www.metmuseum.org/art/collection/search/387731,DP816478.jpg
1485,http://www.metmuseum.org/art/collection/search/387736,DP816496.jpg
1485,http://www.metmuseum.org/art/collection/search/387740,DP816952.jpg
1485,http://www.metmuseum.org/art/collection/search/387741,DP816495.jpg
1485,http://www.metmuseum.org/art/collection/search/387751,DP816747.jpg
1485,http://www.metmuseum.org/art/collection/search/387757,DP816793.jpg
1485,http://www.metmuseum.org/art/collection/search/387758,DP816745.jpg
1485,http://www.metmuseum.org/art/collection/search/387759,DP816753.jpg
1485,http://www.metmuseum.org/art/collection/search/387760,DP816792.jpg
1485,http://www.metmuseum.org/art/collection/search/387761,DP816794.jpg
1485,http://www.metmuseum.org/art/collection/search/387762,DP816790.jpg
1485,http://www.metmuseum.org/art/collection/search/387763,DP816782.jpg
1485,http://www.metmuseum.org/art/collection/search/387764,DP816788.jpg
1485,http://www.metmuseum.org/art/collection/search/387765,DP816789.jpg
1485,http://www.metmuseum.org/art/collection/search/387766,DP816787.jpg
1485,http://www.metmuseum.org/art/collection/search/387767,DP816754.jpg
1485,http://www.metmuseum.org/art/collection/search/387768,DP816756.jpg
1485,http://www.metmuseum.org/art/collection/search/387769,DP816774.jpg
1485,http://www.metmuseum.org/art/collection/search/387774,DP816798.jpg
1485,http://www.metmuseum.org/art/collection/search/387775,DP816799.jpg
1485,http://www.metmuseum.org/art/collection/search/387776,DP816795.jpg
1485,http://www.metmuseum.org/art/collection/search/387777,DP816797.jpg
1485,http://www.metmuseum.org/art/collection/search/387778,DP816415.jpg
1485,http://www.metmuseum.org/art/collection/search/387779,DP816409.jpg
1485,http://www.metmuseum.org/art/collection/search/387780,DP816413.jpg
1485,http://www.metmuseum.org/art/collection/search/387781,DP816806.jpg
1485,http://www.metmuseum.org/art/collection/search/387782,DP816807.jpg
1485,http://www.metmuseum.org/art/collection/search/387783,DP816808.jpg
1485,http://www.metmuseum.org/art/collection/search/387784,DP816809.jpg
1485,http://www.metmuseum.org/art/collection/search/387785,DP816810.jpg
1485,http://www.metmuseum.org/art/collection/search/387786,DP816811.jpg
1485,http://www.metmuseum.org/art/collection/search/387787,DP816803.jpg
1485,http://www.metmuseum.org/art/collection/search/387788,DP816804.jpg
1485,http://www.metmuseum.org/art/collection/search/387789,DP816805.jpg
1485,http://www.metmuseum.org/art/collection/search/387790,DP816812.jpg
1485,http://www.metmuseum.org/art/collection/search/387791,DP816813.jpg
1485,http://www.metmuseum.org/art/collection/search/387792,DP816814.jpg
1485,http://www.metmuseum.org/art/collection/search/387793,DP816823.jpg
1485,http://www.metmuseum.org/art/collection/search/387801,DP816791.jpg
1485,http://www.metmuseum.org/art/collection/search/387803,DP816456.jpg
1485,http://www.metmuseum.org/art/collection/search/387804,DP816819.jpg
1485,http://www.metmuseum.org/art/collection/search/387805,DP816815.jpg
1485,http://www.metmuseum.org/art/collection/search/387806,DP816817.jpg
1485,http://www.metmuseum.org/art/collection/search/387807,DP816821.jpg
1485,http://www.metmuseum.org/art/collection/search/387808,DP817080.jpg
1485,http://www.metmuseum.org/art/collection/search/387811,DP816452.jpg
1485,http://www.metmuseum.org/art/collection/search/387812,DP816451.jpg
1485,http://www.metmuseum.org/art/collection/search/387876,DP816277.jpg
1485,http://www.metmuseum.org/art/collection/search/387882,DP215648.jpg
1485,http://www.metmuseum.org/art/collection/search/387883,DP816588.jpg
1485,http://www.metmuseum.org/art/collection/search/388017,DP816284.jpg
1485,http://www.metmuseum.org/art/collection/search/388019,DP816599.jpg
1485,http://www.metmuseum.org/art/collection/search/388020,DP816598.jpg
1485,http://www.metmuseum.org/art/collection/search/388021,DP816594.jpg
1485,http://www.metmuseum.org/art/collection/search/388022,DP816591.jpg
1485,http://www.metmuseum.org/art/collection/search/388023,DP816589.jpg
1485,http://www.metmuseum.org/art/collection/search/388024,DP816600.jpg
1485,http://www.metmuseum.org/art/collection/search/388025,DP816602.jpg
1485,http://www.metmuseum.org/art/collection/search/388026,DP816604.jpg
1485,http://www.metmuseum.org/art/collection/search/388027,DP816607.jpg
1485,http://www.metmuseum.org/art/collection/search/388028,DP816610.jpg
1485,http://www.metmuseum.org/art/collection/search/388029,DP816614.jpg
1485,http://www.metmuseum.org/art/collection/search/388030,DP816615.jpg
1485,http://www.metmuseum.org/art/collection/search/388117,DP816729.jpg
1485,http://www.metmuseum.org/art/collection/search/388118,DP816733.jpg
1485,http://www.metmuseum.org/art/collection/search/388119,DP816734.jpg
1485,http://www.metmuseum.org/art/collection/search/388120,DP816736.jpg
1485,http://www.metmuseum.org/art/collection/search/388121,DP816920.jpg
1485,http://www.metmuseum.org/art/collection/search/388122,DP816919.jpg
1485,http://www.metmuseum.org/art/collection/search/388123,DP816916.jpg
1485,http://www.metmuseum.org/art/collection/search/388124,DP816931.jpg
1485,http://www.metmuseum.org/art/collection/search/388125,DP816939.jpg
1485,http://www.metmuseum.org/art/collection/search/388126,DP816938.jpg
1485,http://www.metmuseum.org/art/collection/search/388127,DP816933.jpg
1485,http://www.metmuseum.org/art/collection/search/388151,DP816433.jpg
1485,http://www.metmuseum.org/art/collection/search/388152,DP816440.jpg
1485,http://www.metmuseum.org/art/collection/search/388153,DP816437.jpg
1485,http://www.metmuseum.org/art/collection/search/388154,DP816949.jpg
1485,http://www.metmuseum.org/art/collection/search/388157,DP816446.jpg
1485,http://www.metmuseum.org/art/collection/search/388158,DP816947.jpg
1485,http://www.metmuseum.org/art/collection/search/388159,DP817079.jpg
1485,http://www.metmuseum.org/art/collection/search/388160,DP816945.jpg
1485,http://www.metmuseum.org/art/collection/search/388360,DP816954.jpg
1485,http://www.metmuseum.org/art/collection/search/388361,DP816458.jpg
1485,http://www.metmuseum.org/art/collection/search/388364,DP816454.jpg
1485,http://www.metmuseum.org/art/collection/search/388367,DP816444.jpg
1485,http://www.metmuseum.org/art/collection/search/388368,DP816443.jpg
1485,http://www.metmuseum.org/art/collection/search/388369,DP816442.jpg
1485,http://www.metmuseum.org/art/collection/search/388380,DP816062.jpg
1485,http://www.metmuseum.org/art/collection/search/388382,DP816434.jpg
1485,http://www.metmuseum.org/art/collection/search/388404,DP816606.jpg
1485,http://www.metmuseum.org/art/collection/search/388405,DP816485.jpg
1485,http://www.metmuseum.org/art/collection/search/388406,DP816486.jpg
1485,http://www.metmuseum.org/art/collection/search/388411,DP816595.jpg
1485,http://www.metmuseum.org/art/collection/search/388461,DP816455.jpg
1485,http://www.metmuseum.org/art/collection/search/388463,DP816802.jpg
1485,http://www.metmuseum.org/art/collection/search/388464,DP816796.jpg
1485,http://www.metmuseum.org/art/collection/search/388466,DP816439.jpg
1485,http://www.metmuseum.org/art/collection/search/388470,DP816436.jpg
1485,http://www.metmuseum.org/art/collection/search/388480,DP816431.jpg
1485,http://www.metmuseum.org/art/collection/search/388481,DP816943.jpg
1485,http://www.metmuseum.org/art/collection/search/388482,DP816484.jpg
1485,http://www.metmuseum.org/art/collection/search/388483,DP816449.jpg
1485,http://www.metmuseum.org/art/collection/search/388484,DP820412.jpg
1485,http://www.metmuseum.org/art/collection/search/388597,DP816605.jpg
1485,http://www.metmuseum.org/art/collection/search/388608,DP816822.jpg
1485,http://www.metmuseum.org/art/collection/search/388609,DP816461.jpg
1485,http://www.metmuseum.org/art/collection/search/388634,DP820484.jpg
1485,http://www.metmuseum.org/art/collection/search/388642,DP816482.jpg
1485,http://www.metmuseum.org/art/collection/search/388643,DP816481.jpg
1485,http://www.metmuseum.org/art/collection/search/388646,DP816285.jpg
1485,http://www.metmuseum.org/art/collection/search/388786,DP816432.jpg
1485,http://www.metmuseum.org/art/collection/search/388801,DP816269.jpg
1485,http://www.metmuseum.org/art/collection/search/388802,DP816459.jpg
1485,http://www.metmuseum.org/art/collection/search/388823,DP816918.jpg
1485,http://www.metmuseum.org/art/collection/search/388828,DP816944.jpg
1485,http://www.metmuseum.org/art/collection/search/388829,DP820455.jpg
1485,http://www.metmuseum.org/art/collection/search/388831,DP816059.jpg
1485,http://www.metmuseum.org/art/collection/search/388886,DP816032.jpg
1485,http://www.metmuseum.org/art/collection/search/389051,DP816414.jpg
1485,http://www.metmuseum.org/art/collection/search/389052,DP816460.jpg
1485,http://www.metmuseum.org/art/collection/search/389055,DP816618.jpg
1485,http://www.metmuseum.org/art/collection/search/391026,DP815295.jpg
1485,http://www.metmuseum.org/art/collection/search/391036,DP815357.jpg
1485,http://www.metmuseum.org/art/collection/search/391041,DP815346.jpg
1485,http://www.metmuseum.org/art/collection/search/391049,DP815369.jpg
1485,http://www.metmuseum.org/art/collection/search/391054,DP820344.jpg
1485,http://www.metmuseum.org/art/collection/search/391055,DP820359.jpg
1485,http://www.metmuseum.org/art/collection/search/391062,DP815378.jpg
1485,http://www.metmuseum.org/art/collection/search/391108,DP815438.jpg
1485,http://www.metmuseum.org/art/collection/search/391125,DP815433.jpg
1485,http://www.metmuseum.org/art/collection/search/391127,DP815423.jpg
1485,http://www.metmuseum.org/art/collection/search/391128,DP815424.jpg
1485,http://www.metmuseum.org/art/collection/search/391140,DP815537.jpg
1485,http://www.metmuseum.org/art/collection/search/391179,DP815597.jpg
1485,http://www.metmuseum.org/art/collection/search/391180,DP815598.jpg
1485,http://www.metmuseum.org/art/collection/search/391210,DP815758.jpg
1485,http://www.metmuseum.org/art/collection/search/391221,DP815784.jpg
1485,http://www.metmuseum.org/art/collection/search/391222,DP815785.jpg
1485,http://www.metmuseum.org/art/collection/search/391233,DP815899.jpg
1485,http://www.metmuseum.org/art/collection/search/391260,DP815741.jpg
1485,http://www.metmuseum.org/art/collection/search/391261,DP815740.jpg
1485,http://www.metmuseum.org/art/collection/search/391262,DP815914.jpg
1485,http://www.metmuseum.org/art/collection/search/391273,DP815908.jpg
1485,http://www.metmuseum.org/art/collection/search/391275,DP815909.jpg
1485,http://www.metmuseum.org/art/collection/search/391278,DP815921.jpg
1485,http://www.metmuseum.org/art/collection/search/391290,DP815923.jpg
1485,http://www.metmuseum.org/art/collection/search/391340,DP815991.jpg
1485,http://www.metmuseum.org/art/collection/search/391341,DP815988.jpg
1485,http://www.metmuseum.org/art/collection/search/391344,DP815993.jpg
1485,http://www.metmuseum.org/art/collection/search/391345,DP815992.jpg
1485,http://www.metmuseum.org/art/collection/search/391401,DP815556.jpg
1485,http://www.metmuseum.org/art/collection/search/396275,DP815372.jpg
1485,http://www.metmuseum.org/art/collection/search/396377,DP815436.jpg
1485,http://www.metmuseum.org/art/collection/search/396539,DP815719.jpg
1485,http://www.metmuseum.org/art/collection/search/396600,DP815895.jpg
1485,http://www.metmuseum.org/art/collection/search/396626,DP815901.jpg
1485,http://www.metmuseum.org/art/collection/search/396796,DP816148.jpg
1485,http://www.metmuseum.org/art/collection/search/397137,DP816917.jpg
1485,http://www.metmuseum.org/art/collection/search/397138,DP816925.jpg
1485,http://www.metmuseum.org/art/collection/search/397140,DP816926.jpg
1485,http://www.metmuseum.org/art/collection/search/397141,DP816930.jpg
1485,http://www.metmuseum.org/art/collection/search/397142,DP816934.jpg
1485,http://www.metmuseum.org/art/collection/search/397143,DP816937.jpg
1485,http://www.metmuseum.org/art/collection/search/397144,DP816940.jpg
1485,http://www.metmuseum.org/art/collection/search/396634,DP816013.jpg
1485,http://www.metmuseum.org/art/collection/search/400700,DP820388.jpg
1485,http://www.metmuseum.org/art/collection/search/400701,DP820384.jpg
1485,http://www.metmuseum.org/art/collection/search/400702,DP820386.jpg
1485,http://www.metmuseum.org/art/collection/search/400703,DP820387.jpg
1485,http://www.metmuseum.org/art/collection/search/400705,DP820389.jpg
1485,http://www.metmuseum.org/art/collection/search/400706,DP820393.jpg
1485,http://www.metmuseum.org/art/collection/search/400707,DP820391.jpg
1485,http://www.metmuseum.org/art/collection/search/400708,DP820390.jpg
1485,http://www.metmuseum.org/art/collection/search/400709,DP820394.jpg
1485,http://www.metmuseum.org/art/collection/search/400710,DP820392.jpg
1485,http://www.metmuseum.org/art/collection/search/388475,DP820736.jpg
1485,http://www.metmuseum.org/art/collection/search/386131,DP820406.jpg
1485,http://www.metmuseum.org/art/collection/search/391224,DP815787.jpg
1485,http://www.metmuseum.org/art/collection/search/391225,DP815788.jpg
1485,http://www.metmuseum.org/art/collection/search/391283,DP815927.jpg
1485,http://www.metmuseum.org/art/collection/search/391289,DP815935.jpg
1485,http://www.metmuseum.org/art/collection/search/382286,DP820395.jpg
1485,http://www.metmuseum.org/art/collection/search/388888,DP816034.jpg
1485,http://www.metmuseum.org/art/collection/search/396635,DP816023.jpg
1485,http://www.metmuseum.org/art/collection/search/396636,DP816024.jpg
1485,http://www.metmuseum.org/art/collection/search/396637,DP816025.jpg
1485,http://www.metmuseum.org/art/collection/search/387744,DP816621.jpg
1485,http://www.metmuseum.org/art/collection/search/387746,DP820397.jpg
1485,http://www.metmuseum.org/art/collection/search/387747,DP820396.jpg
1485,http://www.metmuseum.org/art/collection/search/387748,DP820399.jpg
1485,http://www.metmuseum.org/art/collection/search/400723,DP820398.jpg
1485,http://www.metmuseum.org/art/collection/search/391078,DP815394.jpg
1485,http://www.metmuseum.org/art/collection/search/388887,DP816022.jpg
1490,http://www.metmuseum.org/art/collection/search/334817,DP802948.jpg
1491,http://www.metmuseum.org/art/collection/search/343129,DP815353.jpg
1491,http://www.metmuseum.org/art/collection/search/373906,DP815373.jpg
1492,http://www.metmuseum.org/art/collection/search/336211,DP102203.jpg
1492,http://www.metmuseum.org/art/collection/search/336212,DP820817.jpg
1492,http://www.metmuseum.org/art/collection/search/343133,DP816593.jpg
1492,http://www.metmuseum.org/art/collection/search/359765,DP816951.jpg
1492,http://www.metmuseum.org/art/collection/search/388781,DP816429.jpg
1492,http://www.metmuseum.org/art/collection/search/397057,DP816772.jpg
1492,http://www.metmuseum.org/art/collection/search/397058,DP816737.jpg
1493,http://www.metmuseum.org/art/collection/search/336219,DP815366.jpg
1493,http://www.metmuseum.org/art/collection/search/336221,DP820343.jpg
1493,http://www.metmuseum.org/art/collection/search/351297,DP247722.jpg
1493,http://www.metmuseum.org/art/collection/search/360063,DP816601.jpg
1493,http://www.metmuseum.org/art/collection/search/367565,DP816935.jpg
1493,http://www.metmuseum.org/art/collection/search/383756,MM30203.jpg
1493,http://www.metmuseum.org/art/collection/search/459214,DP282110.jpg
1495,http://www.metmuseum.org/art/collection/search/360354,DP815296.jpg
1495,http://www.metmuseum.org/art/collection/search/377315,DP815291.jpg
1495,http://www.metmuseum.org/art/collection/search/391030,DP815294.jpg
1495,http://www.metmuseum.org/art/collection/search/391031,DP815298.jpg
1495,http://www.metmuseum.org/art/collection/search/391032,DP815297.jpg
1495,http://www.metmuseum.org/art/collection/search/391033,DP815292.jpg
1495,http://www.metmuseum.org/art/collection/search/391051,DP815371.jpg
1495,http://www.metmuseum.org/art/collection/search/338298,271458.jpg
1496,http://www.metmuseum.org/art/collection/search/343128,DP815356.jpg
1496,http://www.metmuseum.org/art/collection/search/387455,DP816073.jpg
1496,http://www.metmuseum.org/art/collection/search/387460,DP816133.jpg
1496,http://www.metmuseum.org/art/collection/search/388587,DP816137.jpg
1496,http://www.metmuseum.org/art/collection/search/388595,DP816076.jpg
1496,http://www.metmuseum.org/art/collection/search/391034,DP815354.jpg
1496,http://www.metmuseum.org/art/collection/search/391035,DP815352.jpg
1496,http://www.metmuseum.org/art/collection/search/391037,DP815355.jpg
1496,http://www.metmuseum.org/art/collection/search/391038,DP815350.jpg
1496,http://www.metmuseum.org/art/collection/search/391047,DP815367.jpg
1496,http://www.metmuseum.org/art/collection/search/391048,DP815368.jpg
1496,http://www.metmuseum.org/art/collection/search/391050,DP815370.jpg
1496,http://www.metmuseum.org/art/collection/search/391056,DP815385.jpg
1496,http://www.metmuseum.org/art/collection/search/391057,DP815384.jpg
1496,http://www.metmuseum.org/art/collection/search/391071,DP815383.jpg
1496,http://www.metmuseum.org/art/collection/search/396271,DP815349.jpg
1496,http://www.metmuseum.org/art/collection/search/396272,DP815351.jpg
1497,http://www.metmuseum.org/art/collection/search/359887,DP806729.jpg
1497,http://www.metmuseum.org/art/collection/search/369866,DP215651.jpg
1497,http://www.metmuseum.org/art/collection/search/384647,DP815409.jpg
1497,http://www.metmuseum.org/art/collection/search/387375,DP816586.jpg
1497,http://www.metmuseum.org/art/collection/search/388018,DP816585.jpg
1497,http://www.metmuseum.org/art/collection/search/388799,DP816583.jpg
1497,http://www.metmuseum.org/art/collection/search/391046,DP815361.jpg
1497,http://www.metmuseum.org/art/collection/search/391077,DP815392.jpg
1497,http://www.metmuseum.org/art/collection/search/391079,DP815393.jpg
1497,http://www.metmuseum.org/art/collection/search/391084,DP815399.jpg
1497,http://www.metmuseum.org/art/collection/search/391085,DP815400.jpg
1497,http://www.metmuseum.org/art/collection/search/391086,DP815401.jpg
1497,http://www.metmuseum.org/art/collection/search/397048,DP816584.jpg
1498,http://www.metmuseum.org/art/collection/search/336214,DP816928.jpg
1498,http://www.metmuseum.org/art/collection/search/336215,DP816773.jpg
1498,http://www.metmuseum.org/art/collection/search/351295,DP815390.jpg
1498,http://www.metmuseum.org/art/collection/search/360117,DP816923.jpg
1498,http://www.metmuseum.org/art/collection/search/387727,DP820411.jpg
1498,http://www.metmuseum.org/art/collection/search/388412,DP820458.jpg
1498,http://www.metmuseum.org/art/collection/search/388588,DP816134.jpg
1498,http://www.metmuseum.org/art/collection/search/388589,DP816131.jpg
1498,http://www.metmuseum.org/art/collection/search/388591,DP816130.jpg
1498,http://www.metmuseum.org/art/collection/search/391044,DP815358.jpg
1498,http://www.metmuseum.org/art/collection/search/391045,DP815360.jpg
1498,http://www.metmuseum.org/art/collection/search/391052,DP815363.jpg
1498,http://www.metmuseum.org/art/collection/search/391053,DP815364.jpg
1498,http://www.metmuseum.org/art/collection/search/391058,DP815388.jpg
1498,http://www.metmuseum.org/art/collection/search/391059,DP815391.jpg
1498,http://www.metmuseum.org/art/collection/search/391060,DP815389.jpg
1498,http://www.metmuseum.org/art/collection/search/391061,DP815387.jpg
1498,http://www.metmuseum.org/art/collection/search/459225,DP809590.jpg
1499,http://www.metmuseum.org/art/collection/search/391039,DP815347.jpg
1499,http://www.metmuseum.org/art/collection/search/391040,DP815348.jpg
1499,http://www.metmuseum.org/art/collection/search/391065,DP815381.jpg
1499,http://www.metmuseum.org/art/collection/search/391066,DP815380.jpg
1499,http://www.metmuseum.org/art/collection/search/391067,DP815379.jpg
1499,http://www.metmuseum.org/art/collection/search/391068,DP815382.jpg
1499,http://www.metmuseum.org/art/collection/search/391087,DP815402.jpg
1499,http://www.metmuseum.org/art/collection/search/391088,DP815403.jpg
1500,http://www.metmuseum.org/art/collection/search/388800,DP820457.jpg
1500,http://www.metmuseum.org/art/collection/search/391069,DP815375.jpg
1500,http://www.metmuseum.org/art/collection/search/391070,DP815374.jpg
1500,http://www.metmuseum.org/art/collection/search/391080,DP815395.jpg
1500,http://www.metmuseum.org/art/collection/search/391081,DP815396.jpg
1500,http://www.metmuseum.org/art/collection/search/391137,DP815534.jpg
1500,http://www.metmuseum.org/art/collection/search/391138,DP815535.jpg
1500,http://www.metmuseum.org/art/collection/search/391139,DP815536.jpg
1500,http://www.metmuseum.org/art/collection/search/391141,DP815538.jpg
1500,http://www.metmuseum.org/art/collection/search/391142,DP815539.jpg
1500,http://www.metmuseum.org/art/collection/search/391143,DP815540.jpg
1500,http://www.metmuseum.org/art/collection/search/401052,DP820456.jpg
1500,http://www.metmuseum.org/art/collection/search/436243,DP164819.jpg
1500,http://www.metmuseum.org/art/collection/search/334820,DP802954.jpg
1500,http://www.metmuseum.org/art/collection/search/387559,DP816471.jpg
1500,http://www.metmuseum.org/art/collection/search/388162,DP816468.jpg
1500,http://www.metmuseum.org/art/collection/search/388163,DP816463.jpg
1500,http://www.metmuseum.org/art/collection/search/388373,DP816474.jpg
1500,http://www.metmuseum.org/art/collection/search/388374,DP816464.jpg
1500,http://www.metmuseum.org/art/collection/search/388375,DP816466.jpg
1500,http://www.metmuseum.org/art/collection/search/388376,DP816472.jpg
1500,http://www.metmuseum.org/art/collection/search/388377,DP816465.jpg
1500,http://www.metmuseum.org/art/collection/search/388787,DP816469.jpg
1500,http://www.metmuseum.org/art/collection/search/388788,DP816477.jpg
1500,http://www.metmuseum.org/art/collection/search/388789,DP816470.jpg
1500,http://www.metmuseum.org/art/collection/search/388790,DP816473.jpg
1500,http://www.metmuseum.org/art/collection/search/388791,DP816475.jpg
1500,http://www.metmuseum.org/art/collection/search/388792,DP816467.jpg
1501,http://www.metmuseum.org/art/collection/search/334819,DP802952.jpg
1501,http://www.metmuseum.org/art/collection/search/336232,DP815994.jpg
1501,http://www.metmuseum.org/art/collection/search/359998,DP820486.jpg
1501,http://www.metmuseum.org/art/collection/search/391063,DP815376.jpg
1501,http://www.metmuseum.org/art/collection/search/391064,DP815377.jpg
1501,http://www.metmuseum.org/art/collection/search/391082,DP815397.jpg
1501,http://www.metmuseum.org/art/collection/search/391083,DP815398.jpg
1501,http://www.metmuseum.org/art/collection/search/391103,DP815414.jpg
1501,http://www.metmuseum.org/art/collection/search/391104,DP815412.jpg
1501,http://www.metmuseum.org/art/collection/search/391105,DP815411.jpg
1501,http://www.metmuseum.org/art/collection/search/391106,DP815413.jpg
1501,http://www.metmuseum.org/art/collection/search/391107,DP815415.jpg
1501,http://www.metmuseum.org/art/collection/search/391109,DP815416.jpg
1501,http://www.metmuseum.org/art/collection/search/391110,DP815418.jpg
1501,http://www.metmuseum.org/art/collection/search/391111,DP815417.jpg
1501,http://www.metmuseum.org/art/collection/search/391112,DP815419.jpg
1501,http://www.metmuseum.org/art/collection/search/391335,DP815995.jpg
1502,http://www.metmuseum.org/art/collection/search/387877,DP816268.jpg
1502,http://www.metmuseum.org/art/collection/search/387881,DP816294.jpg
1502,http://www.metmuseum.org/art/collection/search/388137,DP816276.jpg
1502,http://www.metmuseum.org/art/collection/search/388413,DP816161.jpg
1502,http://www.metmuseum.org/art/collection/search/388471,DP816435.jpg
1502,http://www.metmuseum.org/art/collection/search/388604,DP816296.jpg
1502,http://www.metmuseum.org/art/collection/search/391113,DP815410.jpg
1502,http://www.metmuseum.org/art/collection/search/391132,DP815528.jpg
1502,http://www.metmuseum.org/art/collection/search/391133,DP815530.jpg
1502,http://www.metmuseum.org/art/collection/search/391134,DP815531.jpg
1503,http://www.metmuseum.org/art/collection/search/336220,DP815407.jpg
1503,http://www.metmuseum.org/art/collection/search/343130,DP820305.jpg
1503,http://www.metmuseum.org/art/collection/search/347405,DP816275.jpg
1503,http://www.metmuseum.org/art/collection/search/347410,DP816158.jpg
1503,http://www.metmuseum.org/art/collection/search/366488,DP816407.jpg
1503,http://www.metmuseum.org/art/collection/search/387249,DP816156.jpg
1503,http://www.metmuseum.org/art/collection/search/387578,DP816142.jpg
1503,http://www.metmuseum.org/art/collection/search/387611,DP816298.jpg
1503,http://www.metmuseum.org/art/collection/search/387734,DP816140.jpg
1503,http://www.metmuseum.org/art/collection/search/387879,DP816271.jpg
1503,http://www.metmuseum.org/art/collection/search/387880,DP816157.jpg
1503,http://www.metmuseum.org/art/collection/search/388015,DP816301.jpg
1503,http://www.metmuseum.org/art/collection/search/388134,DP816141.jpg
1503,http://www.metmuseum.org/art/collection/search/388136,DP816272.jpg
1503,http://www.metmuseum.org/art/collection/search/388143,DP816297.jpg
1503,http://www.metmuseum.org/art/collection/search/388146,DP816303.jpg
1503,http://www.metmuseum.org/art/collection/search/388148,DP816406.jpg
1503,http://www.metmuseum.org/art/collection/search/388150,DP816416.jpg
1503,http://www.metmuseum.org/art/collection/search/388372,DP816300.jpg
1503,http://www.metmuseum.org/art/collection/search/388386,DP816405.jpg
1503,http://www.metmuseum.org/art/collection/search/388387,DP816302.jpg
1503,http://www.metmuseum.org/art/collection/search/388388,DP816299.jpg
1503,http://www.metmuseum.org/art/collection/search/388485,DP816060.jpg
1503,http://www.metmuseum.org/art/collection/search/388487,DP816154.jpg
1503,http://www.metmuseum.org/art/collection/search/388602,DP816159.jpg
1503,http://www.metmuseum.org/art/collection/search/388603,DP816270.jpg
1503,http://www.metmuseum.org/art/collection/search/388635,DP816061.jpg
1503,http://www.metmuseum.org/art/collection/search/388636,DP816162.jpg
1503,http://www.metmuseum.org/art/collection/search/390975,DP815404.jpg
1503,http://www.metmuseum.org/art/collection/search/391089,DP815406.jpg
1503,http://www.metmuseum.org/art/collection/search/391094,DP815405.jpg
1503,http://www.metmuseum.org/art/collection/search/391114,DP815408.jpg
1503,http://www.metmuseum.org/art/collection/search/391115,DP815437.jpg
1503,http://www.metmuseum.org/art/collection/search/391119,DP815425.jpg
1504,http://www.metmuseum.org/art/collection/search/336222,DP816026.jpg
1504,http://www.metmuseum.org/art/collection/search/347409,DP816139.jpg
1504,http://www.metmuseum.org/art/collection/search/360385,DP815431.jpg
1504,http://www.metmuseum.org/art/collection/search/363929,DP820351.jpg
1504,http://www.metmuseum.org/art/collection/search/387574,DP816411.jpg
1504,http://www.metmuseum.org/art/collection/search/387735,DP816143.jpg
1504,http://www.metmuseum.org/art/collection/search/387872,DP816151.jpg
1504,http://www.metmuseum.org/art/collection/search/387875,DP816286.jpg
1504,http://www.metmuseum.org/art/collection/search/388131,DP816144.jpg
1504,http://www.metmuseum.org/art/collection/search/388132,DP816152.jpg
1504,http://www.metmuseum.org/art/collection/search/388133,DP816149.jpg
1504,http://www.metmuseum.org/art/collection/search/388135,DP816147.jpg
1504,http://www.metmuseum.org/art/collection/search/388138,DP816278.jpg
1504,http://www.metmuseum.org/art/collection/search/388149,DP816412.jpg
1504,http://www.metmuseum.org/art/collection/search/388379,DP816308.jpg
1504,http://www.metmuseum.org/art/collection/search/388403,DP816146.jpg
1504,http://www.metmuseum.org/art/collection/search/388601,DP816153.jpg
1504,http://www.metmuseum.org/art/collection/search/391120,DP815422.jpg
1504,http://www.metmuseum.org/art/collection/search/391121,DP815435.jpg
1504,http://www.metmuseum.org/art/collection/search/391122,DP815434.jpg
1504,http://www.metmuseum.org/art/collection/search/391123,DP820350.jpg
1504,http://www.metmuseum.org/art/collection/search/388644,DP816273.jpg
1505,http://www.metmuseum.org/art/collection/search/359988,DP815421.jpg
1505,http://www.metmuseum.org/art/collection/search/388016,DP816160.jpg
1505,http://www.metmuseum.org/art/collection/search/391116,DP815430.jpg
1505,http://www.metmuseum.org/art/collection/search/391117,DP815428.jpg
1505,http://www.metmuseum.org/art/collection/search/391118,DP815427.jpg
1505,http://www.metmuseum.org/art/collection/search/391135,DP815532.jpg
1505,http://www.metmuseum.org/art/collection/search/391136,DP815533.jpg
1505,http://www.metmuseum.org/art/collection/search/391144,DP815542.jpg
1505,http://www.metmuseum.org/art/collection/search/391145,DP815543.jpg
1505,http://www.metmuseum.org/art/collection/search/471097,cdi32-24-34.jpg
1505,http://www.metmuseum.org/art/collection/search/388833,DP816155.jpg
1507,http://www.metmuseum.org/art/collection/search/391163,DP815585.jpg
1507,http://www.metmuseum.org/art/collection/search/391165,DP815584.jpg
1507,http://www.metmuseum.org/art/collection/search/391172,DP815595.jpg
1507,http://www.metmuseum.org/art/collection/search/391189,DP815578.jpg
1508,http://www.metmuseum.org/art/collection/search/375912,DP124735.jpg
1508,http://www.metmuseum.org/art/collection/search/387392,DP820424.jpg
1508,http://www.metmuseum.org/art/collection/search/387404,DP820425.jpg
1508,http://www.metmuseum.org/art/collection/search/387409,DP820427.jpg
1508,http://www.metmuseum.org/art/collection/search/387412,DP820429.jpg
1508,http://www.metmuseum.org/art/collection/search/387413,DP820431.jpg
1508,http://www.metmuseum.org/art/collection/search/387414,DP820432.jpg
1508,http://www.metmuseum.org/art/collection/search/387415,DP820433.jpg
1508,http://www.metmuseum.org/art/collection/search/388041,DP820439.jpg
1508,http://www.metmuseum.org/art/collection/search/388042,DP820440.jpg
1508,http://www.metmuseum.org/art/collection/search/388043,DP820441.jpg
1508,http://www.metmuseum.org/art/collection/search/388044,DP820442.jpg
1508,http://www.metmuseum.org/art/collection/search/388045,DP820443.jpg
1508,http://www.metmuseum.org/art/collection/search/388048,DP820447.jpg
1508,http://www.metmuseum.org/art/collection/search/388049,DP820448.jpg
1508,http://www.metmuseum.org/art/collection/search/388050,DP820449.jpg
1508,http://www.metmuseum.org/art/collection/search/388051,DP820450.jpg
1508,http://www.metmuseum.org/art/collection/search/391129,DP815524.jpg
1508,http://www.metmuseum.org/art/collection/search/391130,DP815525.jpg
1508,http://www.metmuseum.org/art/collection/search/391131,DP815529.jpg
1508,http://www.metmuseum.org/art/collection/search/391349,DP815573.jpg
1508,http://www.metmuseum.org/art/collection/search/391350,DP815567.jpg
1508,http://www.metmuseum.org/art/collection/search/391351,DP815571.jpg
1508,http://www.metmuseum.org/art/collection/search/391354,DP815568.jpg
1508,http://www.metmuseum.org/art/collection/search/391394,DP815564.jpg
1508,http://www.metmuseum.org/art/collection/search/391395,DP815562.jpg
1508,http://www.metmuseum.org/art/collection/search/391398,DP815559.jpg
1508,http://www.metmuseum.org/art/collection/search/391399,DP815558.jpg
1509,http://www.metmuseum.org/art/collection/search/387411,DP820430.jpg
1509,http://www.metmuseum.org/art/collection/search/387416,DP820434.jpg
1509,http://www.metmuseum.org/art/collection/search/387417,DP816042.jpg
1509,http://www.metmuseum.org/art/collection/search/387418,DP816043.jpg
1509,http://www.metmuseum.org/art/collection/search/387419,DP816041.jpg
1509,http://www.metmuseum.org/art/collection/search/387420,DP816044.jpg
1509,http://www.metmuseum.org/art/collection/search/387421,DP816036.jpg
1509,http://www.metmuseum.org/art/collection/search/387423,DP816038.jpg
1509,http://www.metmuseum.org/art/collection/search/387424,DP816039.jpg
1509,http://www.metmuseum.org/art/collection/search/387425,DP815996.jpg
1509,http://www.metmuseum.org/art/collection/search/387426,DP815997.jpg
1509,http://www.metmuseum.org/art/collection/search/387427,DP815998.jpg
1509,http://www.metmuseum.org/art/collection/search/387428,DP815999.jpg
1509,http://www.metmuseum.org/art/collection/search/387749,DP816045.jpg
1509,http://www.metmuseum.org/art/collection/search/388047,DP820445.jpg
1509,http://www.metmuseum.org/art/collection/search/388052,DP820451.jpg
1509,http://www.metmuseum.org/art/collection/search/388053,DP816005.jpg
1509,http://www.metmuseum.org/art/collection/search/388054,DP816006.jpg
1509,http://www.metmuseum.org/art/collection/search/388055,DP816007.jpg
1509,http://www.metmuseum.org/art/collection/search/388056,DP816008.jpg
1509,http://www.metmuseum.org/art/collection/search/388057,DP816051.jpg
1509,http://www.metmuseum.org/art/collection/search/388059,DP816053.jpg
1509,http://www.metmuseum.org/art/collection/search/388060,DP816054.jpg
1509,http://www.metmuseum.org/art/collection/search/388061,DP816014.jpg
1509,http://www.metmuseum.org/art/collection/search/388062,DP816015.jpg
1509,http://www.metmuseum.org/art/collection/search/388063,DP816016.jpg
1509,http://www.metmuseum.org/art/collection/search/388064,DP816017.jpg
1509,http://www.metmuseum.org/art/collection/search/388889,DP816047.jpg
1509,http://www.metmuseum.org/art/collection/search/391348,DP815572.jpg
1509,http://www.metmuseum.org/art/collection/search/391379,DP815563.jpg
1509,http://www.metmuseum.org/art/collection/search/391397,DP815557.jpg
1510,http://www.metmuseum.org/art/collection/search/336216,DP816281.jpg
1510,http://www.metmuseum.org/art/collection/search/347412,DP816290.jpg
1510,http://www.metmuseum.org/art/collection/search/386308,DP816291.jpg
1510,http://www.metmuseum.org/art/collection/search/387240,DP820454.jpg
1510,http://www.metmuseum.org/art/collection/search/387376,DP820453.jpg
1510,http://www.metmuseum.org/art/collection/search/387388,DP215649.jpg
1510,http://www.metmuseum.org/art/collection/search/387389,DP820422.jpg
1510,http://www.metmuseum.org/art/collection/search/387390,DP820423.jpg
1510,http://www.metmuseum.org/art/collection/search/387410,DP820428.jpg
1510,http://www.metmuseum.org/art/collection/search/387422,DP816037.jpg
1510,http://www.metmuseum.org/art/collection/search/387429,DP816055.jpg
1510,http://www.metmuseum.org/art/collection/search/387430,DP816056.jpg
1510,http://www.metmuseum.org/art/collection/search/387431,DP816057.jpg
1510,http://www.metmuseum.org/art/collection/search/387432,DP816058.jpg
1510,http://www.metmuseum.org/art/collection/search/387433,DP816000.jpg
1510,http://www.metmuseum.org/art/collection/search/387434,DP816001.jpg
1510,http://www.metmuseum.org/art/collection/search/387435,DP816003.jpg
1510,http://www.metmuseum.org/art/collection/search/387436,DP816004.jpg
1510,http://www.metmuseum.org/art/collection/search/387750,DP820407.jpg
1510,http://www.metmuseum.org/art/collection/search/387873,DP816293.jpg
1510,http://www.metmuseum.org/art/collection/search/387874,DP816288.jpg
1510,http://www.metmuseum.org/art/collection/search/388037,DP820435.jpg
1510,http://www.metmuseum.org/art/collection/search/388038,DP820436.jpg
1510,http://www.metmuseum.org/art/collection/search/388039,DP820437.jpg
1510,http://www.metmuseum.org/art/collection/search/388040,DP820438.jpg
1510,http://www.metmuseum.org/art/collection/search/388046,DP820444.jpg
1510,http://www.metmuseum.org/art/collection/search/388058,DP816052.jpg
1510,http://www.metmuseum.org/art/collection/search/388065,DP816009.jpg
1510,http://www.metmuseum.org/art/collection/search/388066,DP816010.jpg
1510,http://www.metmuseum.org/art/collection/search/388067,DP816012.jpg
1510,http://www.metmuseum.org/art/collection/search/388068,DP816011.jpg
1510,http://www.metmuseum.org/art/collection/search/388069,DP816018.jpg
1510,http://www.metmuseum.org/art/collection/search/388070,DP816019.jpg
1510,http://www.metmuseum.org/art/collection/search/388071,DP816020.jpg
1510,http://www.metmuseum.org/art/collection/search/388072,DP816021.jpg
1510,http://www.metmuseum.org/art/collection/search/388141,DP816292.jpg
1510,http://www.metmuseum.org/art/collection/search/388381,DP816410.jpg
1510,http://www.metmuseum.org/art/collection/search/388402,DP816597.jpg
1510,http://www.metmuseum.org/art/collection/search/388407,DP816067.jpg
1510,http://www.metmuseum.org/art/collection/search/388408,DP816068.jpg
1510,http://www.metmuseum.org/art/collection/search/222566,88306.jpg
1511,http://www.metmuseum.org/art/collection/search/336575,DP816914.jpg
1511,http://www.metmuseum.org/art/collection/search/343135,DP816953.jpg
1511,http://www.metmuseum.org/art/collection/search/359888,DP816426.jpg
1511,http://www.metmuseum.org/art/collection/search/368339,DP816922.jpg
1511,http://www.metmuseum.org/art/collection/search/386306,DP816274.jpg
1511,http://www.metmuseum.org/art/collection/search/386307,DP816280.jpg
1511,http://www.metmuseum.org/art/collection/search/387246,DP820452.jpg
1511,http://www.metmuseum.org/art/collection/search/387385,DP820421.jpg
1511,http://www.metmuseum.org/art/collection/search/387453,DP816132.jpg
1511,http://www.metmuseum.org/art/collection/search/387454,DP816074.jpg
1511,http://www.metmuseum.org/art/collection/search/387456,DP816078.jpg
1511,http://www.metmuseum.org/art/collection/search/387457,DP816075.jpg
1511,http://www.metmuseum.org/art/collection/search/387459,DP816077.jpg
1511,http://www.metmuseum.org/art/collection/search/387555,DP816135.jpg
1511,http://www.metmuseum.org/art/collection/search/387556,DP816064.jpg
1511,http://www.metmuseum.org/art/collection/search/387568,DP816731.jpg
1511,http://www.metmuseum.org/art/collection/search/387569,DP816408.jpg
1511,http://www.metmuseum.org/art/collection/search/387570,DP816418.jpg
1511,http://www.metmuseum.org/art/collection/search/387573,DP816304.jpg
1511,http://www.metmuseum.org/art/collection/search/387579,DP816145.jpg
1511,http://www.metmuseum.org/art/collection/search/387580,DP816306.jpg
1511,http://www.metmuseum.org/art/collection/search/387583,DP816927.jpg
1511,http://www.metmuseum.org/art/collection/search/388012,DP816279.jpg
1511,http://www.metmuseum.org/art/collection/search/388013,DP816282.jpg
1511,http://www.metmuseum.org/art/collection/search/388014,DP816163.jpg
1511,http://www.metmuseum.org/art/collection/search/388130,DP816150.jpg
1511,http://www.metmuseum.org/art/collection/search/388139,DP816287.jpg
1511,http://www.metmuseum.org/art/collection/search/388140,DP816289.jpg
1511,http://www.metmuseum.org/art/collection/search/388142,DP816295.jpg
1511,http://www.metmuseum.org/art/collection/search/388144,DP816305.jpg
1511,http://www.metmuseum.org/art/collection/search/388147,DP816419.jpg
1511,http://www.metmuseum.org/art/collection/search/388371,DP816283.jpg
1511,http://www.metmuseum.org/art/collection/search/388410,DP816425.jpg
1511,http://www.metmuseum.org/art/collection/search/388465,DP816421.jpg
1511,http://www.metmuseum.org/art/collection/search/388478,DP816307.jpg
1511,http://www.metmuseum.org/art/collection/search/388590,DP816072.jpg
1511,http://www.metmuseum.org/art/collection/search/388596,DP816932.jpg
1511,http://www.metmuseum.org/art/collection/search/388785,DP816420.jpg
1511,http://www.metmuseum.org/art/collection/search/388822,DP816138.jpg
1511,http://www.metmuseum.org/art/collection/search/388824,DP816136.jpg
1511,http://www.metmuseum.org/art/collection/search/389050,DP816417.jpg
1511,http://www.metmuseum.org/art/collection/search/391162,DP249852.jpg
1511,http://www.metmuseum.org/art/collection/search/391171,DP815594.jpg
1511,http://www.metmuseum.org/art/collection/search/391175,DP815588.jpg
1511,http://www.metmuseum.org/art/collection/search/391188,DP815575.jpg
1511,http://www.metmuseum.org/art/collection/search/391198,DP815715.jpg
1511,http://www.metmuseum.org/art/collection/search/391199,DP815716.jpg
1511,http://www.metmuseum.org/art/collection/search/391201,DP815717.jpg
1511,http://www.metmuseum.org/art/collection/search/396538,DP815718.jpg
1511,http://www.metmuseum.org/art/collection/search/396668,DP816066.jpg
1511,http://www.metmuseum.org/art/collection/search/397053,DP816730.jpg
1511,http://www.metmuseum.org/art/collection/search/397054,DP816728.jpg
1511,http://www.metmuseum.org/art/collection/search/397056,DP816735.jpg
1511,http://www.metmuseum.org/art/collection/search/397135,DP816915.jpg
1511,http://www.metmuseum.org/art/collection/search/397139,DP816955.jpg
1511,http://www.metmuseum.org/art/collection/search/347467,45234.jpg
1511,http://www.metmuseum.org/art/collection/search/345008,MM1831.jpg
1511,http://www.metmuseum.org/art/collection/search/345010,MM4795.jpg
1512,http://www.metmuseum.org/art/collection/search/336230,DP815732.jpg
1512,http://www.metmuseum.org/art/collection/search/358249,DP815733.jpg
1512,http://www.metmuseum.org/art/collection/search/375913,DP815714.jpg
1512,http://www.metmuseum.org/art/collection/search/376150,DP815731.jpg
1512,http://www.metmuseum.org/art/collection/search/383613,DP815734.jpg
1512,http://www.metmuseum.org/art/collection/search/383629,DP815735.jpg
1512,http://www.metmuseum.org/art/collection/search/383748,DP820413.jpg
1512,http://www.metmuseum.org/art/collection/search/388370,DP816487.jpg
1512,http://www.metmuseum.org/art/collection/search/388378,DP816404.jpg
1512,http://www.metmuseum.org/art/collection/search/390867,DP815553.jpg
1512,http://www.metmuseum.org/art/collection/search/391160,DP815579.jpg
1512,http://www.metmuseum.org/art/collection/search/391161,DP815582.jpg
1512,http://www.metmuseum.org/art/collection/search/391164,DP815583.jpg
1512,http://www.metmuseum.org/art/collection/search/391166,DP815592.jpg
1512,http://www.metmuseum.org/art/collection/search/391169,DP815591.jpg
1512,http://www.metmuseum.org/art/collection/search/391170,DP815593.jpg
1512,http://www.metmuseum.org/art/collection/search/391173,DP815587.jpg
1512,http://www.metmuseum.org/art/collection/search/391174,DP815589.jpg
1512,http://www.metmuseum.org/art/collection/search/391178,DP815596.jpg
1512,http://www.metmuseum.org/art/collection/search/391183,DP815601.jpg
1512,http://www.metmuseum.org/art/collection/search/391185,DP815574.jpg
1512,http://www.metmuseum.org/art/collection/search/391187,DP815576.jpg
1512,http://www.metmuseum.org/art/collection/search/391190,DP815602.jpg
1512,http://www.metmuseum.org/art/collection/search/391191,DP815604.jpg
1512,http://www.metmuseum.org/art/collection/search/391192,DP815603.jpg
1512,http://www.metmuseum.org/art/collection/search/391204,DP815730.jpg
1512,http://www.metmuseum.org/art/collection/search/391353,DP815554.jpg
1512,http://www.metmuseum.org/art/collection/search/391355,DP815555.jpg
1512,http://www.metmuseum.org/art/collection/search/391356,DP815566.jpg
1512,http://www.metmuseum.org/art/collection/search/391367,DP815548.jpg
1512,http://www.metmuseum.org/art/collection/search/391368,DP815550.jpg
1512,http://www.metmuseum.org/art/collection/search/391369,DP815549.jpg
1512,http://www.metmuseum.org/art/collection/search/391373,DP815551.jpg
1512,http://www.metmuseum.org/art/collection/search/391374,DP815544.jpg
1512,http://www.metmuseum.org/art/collection/search/391375,DP815546.jpg
1512,http://www.metmuseum.org/art/collection/search/391376,DP815545.jpg
1512,http://www.metmuseum.org/art/collection/search/391377,DP815547.jpg
1512,http://www.metmuseum.org/art/collection/search/391378,DP815552.jpg
1512,http://www.metmuseum.org/art/collection/search/391396,DP815565.jpg
1512,http://www.metmuseum.org/art/collection/search/391400,DP815560.jpg
1512,http://www.metmuseum.org/art/collection/search/459226,DP809591.jpg
1513,http://www.metmuseum.org/art/collection/search/336223,DP102226.jpg
1513,http://www.metmuseum.org/art/collection/search/368842,DP815727.jpg
1513,http://www.metmuseum.org/art/collection/search/377280,DP815739.jpg
1513,http://www.metmuseum.org/art/collection/search/377281,DP815736.jpg
1513,http://www.metmuseum.org/art/collection/search/377282,DP815738.jpg
1513,http://www.metmuseum.org/art/collection/search/377283,DP815737.jpg
1513,http://www.metmuseum.org/art/collection/search/387962,DP815750.jpg
1513,http://www.metmuseum.org/art/collection/search/391177,DP815590.jpg
1513,http://www.metmuseum.org/art/collection/search/391182,DP815600.jpg
1513,http://www.metmuseum.org/art/collection/search/391193,DP815605.jpg
1513,http://www.metmuseum.org/art/collection/search/391205,DP815724.jpg
1513,http://www.metmuseum.org/art/collection/search/391206,DP815725.jpg
1513,http://www.metmuseum.org/art/collection/search/391207,DP815726.jpg
1513,http://www.metmuseum.org/art/collection/search/391208,DP815721.jpg
1513,http://www.metmuseum.org/art/collection/search/391209,DP815723.jpg
1513,http://www.metmuseum.org/art/collection/search/391255,DP820347.jpg
1513,http://www.metmuseum.org/art/collection/search/396540,DP815720.jpg
1513,http://www.metmuseum.org/art/collection/search/396541,DP815722.jpg
1513,http://www.metmuseum.org/art/collection/search/434706,DP832746.jpg
1514,http://www.metmuseum.org/art/collection/search/336228,DP820348.jpg
1514,http://www.metmuseum.org/art/collection/search/336229,DP820349.jpg
1514,http://www.metmuseum.org/art/collection/search/360018,DP815742.jpg
1514,http://www.metmuseum.org/art/collection/search/363441,DP815751.jpg
1514,http://www.metmuseum.org/art/collection/search/363472,DP815744.jpg
1514,http://www.metmuseum.org/art/collection/search/391211,DP815753.jpg
1514,http://www.metmuseum.org/art/collection/search/391212,DP815752.jpg
1514,http://www.metmuseum.org/art/collection/search/391213,DP815754.jpg
1514,http://www.metmuseum.org/art/collection/search/391214,DP815755.jpg
1514,http://www.metmuseum.org/art/collection/search/391215,DP815757.jpg
1514,http://www.metmuseum.org/art/collection/search/391216,DP815756.jpg
1514,http://www.metmuseum.org/art/collection/search/391244,DP815761.jpg
1514,http://www.metmuseum.org/art/collection/search/391245,DP815762.jpg
1514,http://www.metmuseum.org/art/collection/search/391246,DP815765.jpg
1514,http://www.metmuseum.org/art/collection/search/391247,DP815764.jpg
1514,http://www.metmuseum.org/art/collection/search/391256,DP815743.jpg
1514,http://www.metmuseum.org/art/collection/search/391257,DP815747.jpg
1514,http://www.metmuseum.org/art/collection/search/391258,DP815749.jpg
1514,http://www.metmuseum.org/art/collection/search/391259,DP815748.jpg
1515,http://www.metmuseum.org/art/collection/search/356497,DT241450.jpg
1515,http://www.metmuseum.org/art/collection/search/358366,DP102235.jpg
1515,http://www.metmuseum.org/art/collection/search/358367,DP820482.jpg
1515,http://www.metmuseum.org/art/collection/search/359960,DP815774.jpg
1515,http://www.metmuseum.org/art/collection/search/387884,DP816427.jpg
1515,http://www.metmuseum.org/art/collection/search/388145,DP816430.jpg
1515,http://www.metmuseum.org/art/collection/search/388477,DP816491.jpg
1515,http://www.metmuseum.org/art/collection/search/390874,DP815771.jpg
1515,http://www.metmuseum.org/art/collection/search/390875,DP815772.jpg
1515,http://www.metmuseum.org/art/collection/search/390876,DP815773.jpg
1515,http://www.metmuseum.org/art/collection/search/391234,DP815900.jpg
1515,http://www.metmuseum.org/art/collection/search/391235,DP815780.jpg
1515,http://www.metmuseum.org/art/collection/search/391236,DP815779.jpg
1515,http://www.metmuseum.org/art/collection/search/391237,DP815778.jpg
1515,http://www.metmuseum.org/art/collection/search/396912,DP816490.jpg
1515,http://www.metmuseum.org/art/collection/search/334818,DP802951.jpg
1515,http://www.metmuseum.org/art/collection/search/212695,SF_06_301.jpg
1516,http://www.metmuseum.org/art/collection/search/336233,DP815777.jpg
1516,http://www.metmuseum.org/art/collection/search/360355,DP815775.jpg
1516,http://www.metmuseum.org/art/collection/search/388128,DP816069.jpg
1516,http://www.metmuseum.org/art/collection/search/388366,DP816065.jpg
1516,http://www.metmuseum.org/art/collection/search/391230,DP815892.jpg
1516,http://www.metmuseum.org/art/collection/search/391231,DP815890.jpg
1516,http://www.metmuseum.org/art/collection/search/391232,DP815891.jpg
1516,http://www.metmuseum.org/art/collection/search/391238,DP815783.jpg
1516,http://www.metmuseum.org/art/collection/search/391239,DP815782.jpg
1516,http://www.metmuseum.org/art/collection/search/391240,DP815776.jpg
1516,http://www.metmuseum.org/art/collection/search/436245,DP164788.jpg
1517,http://www.metmuseum.org/art/collection/search/388469,DP820414.jpg
1518,http://www.metmuseum.org/art/collection/search/359787,DP817071.jpg
1518,http://www.metmuseum.org/art/collection/search/360204,DP815897.jpg
1518,http://www.metmuseum.org/art/collection/search/387733,DP816423.jpg
1518,http://www.metmuseum.org/art/collection/search/388011,DP816424.jpg
1518,http://www.metmuseum.org/art/collection/search/388457,DP816422.jpg
1518,http://www.metmuseum.org/art/collection/search/391223,DP815898.jpg
1518,http://www.metmuseum.org/art/collection/search/391227,DP815896.jpg
1518,http://www.metmuseum.org/art/collection/search/391228,DP815894.jpg
1518,http://www.metmuseum.org/art/collection/search/391229,DP815893.jpg
1518,http://www.metmuseum.org/art/collection/search/404627,DP822268.jpg
1519,http://www.metmuseum.org/art/collection/search/343132,DP815902.jpg
1519,http://www.metmuseum.org/art/collection/search/359916,DP815905.jpg
1519,http://www.metmuseum.org/art/collection/search/391226,DP815786.jpg
1519,http://www.metmuseum.org/art/collection/search/391271,DP815906.jpg
1519,http://www.metmuseum.org/art/collection/search/391272,DP815910.jpg
1519,http://www.metmuseum.org/art/collection/search/391274,DP815907.jpg
1519,http://www.metmuseum.org/art/collection/search/391276,DP815903.jpg
1519,http://www.metmuseum.org/art/collection/search/391277,DP815904.jpg
1519,http://www.metmuseum.org/art/collection/search/436244,DP280846.jpg
1519,http://www.metmuseum.org/art/collection/search/391269,DP815919.jpg
1519,http://www.metmuseum.org/art/collection/search/391270,DP815918.jpg
1520,http://www.metmuseum.org/art/collection/search/391263,DP815917.jpg
1520,http://www.metmuseum.org/art/collection/search/391264,DP815913.jpg
1520,http://www.metmuseum.org/art/collection/search/391265,DP815916.jpg
1520,http://www.metmuseum.org/art/collection/search/391266,DP815915.jpg
1520,http://www.metmuseum.org/art/collection/search/391267,DP815911.jpg
1520,http://www.metmuseum.org/art/collection/search/391268,DP815912.jpg
1520,http://www.metmuseum.org/art/collection/search/391342,DP815987.jpg
1520,http://www.metmuseum.org/art/collection/search/391343,DP815986.jpg
1521,http://www.metmuseum.org/art/collection/search/334816,DP802950.jpg
1521,http://www.metmuseum.org/art/collection/search/343131,DP815922.jpg
1521,http://www.metmuseum.org/art/collection/search/387586,DP816453.jpg
1521,http://www.metmuseum.org/art/collection/search/391279,DP815920.jpg
1521,http://www.metmuseum.org/art/collection/search/391280,DP815924.jpg
1521,http://www.metmuseum.org/art/collection/search/391281,DP815925.jpg
1521,http://www.metmuseum.org/art/collection/search/391282,DP815926.jpg
1522,http://www.metmuseum.org/art/collection/search/459211,DP809594.jpg
1523,http://www.metmuseum.org/art/collection/search/388129,DP816071.jpg
1523,http://www.metmuseum.org/art/collection/search/388486,DP816070.jpg
1523,http://www.metmuseum.org/art/collection/search/391242,DP815760.jpg
1523,http://www.metmuseum.org/art/collection/search/391243,DP815759.jpg
1523,http://www.metmuseum.org/art/collection/search/391248,DP815766.jpg
1523,http://www.metmuseum.org/art/collection/search/391249,DP815767.jpg
1523,http://www.metmuseum.org/art/collection/search/391250,DP815768.jpg
1523,http://www.metmuseum.org/art/collection/search/391251,DP815769.jpg
1523,http://www.metmuseum.org/art/collection/search/391252,DP815770.jpg
1523,http://www.metmuseum.org/art/collection/search/396910,DP816462.jpg
1524,http://www.metmuseum.org/art/collection/search/391284,DP815928.jpg
1524,http://www.metmuseum.org/art/collection/search/391285,DP815930.jpg
1524,http://www.metmuseum.org/art/collection/search/391286,DP815932.jpg
1524,http://www.metmuseum.org/art/collection/search/391287,DP815933.jpg
1524,http://www.metmuseum.org/art/collection/search/391288,DP815931.jpg
1525,http://www.metmuseum.org/art/collection/search/355761,DP327807.jpg
1525,http://www.metmuseum.org/art/collection/search/349058,DP167863.jpg
1526,http://www.metmuseum.org/art/collection/search/336231,DP815934.jpg
1526,http://www.metmuseum.org/art/collection/search/364491,DP815929.jpg
1526,http://www.metmuseum.org/art/collection/search/388479,DP816309.jpg
1527,http://www.metmuseum.org/art/collection/search/336657,DP345232.jpg
1528,http://www.metmuseum.org/art/collection/search/388161,DP816476.jpg
